{"cameraMode":{"drawMode":0,"name":"Shaded","section":"Shading Mode"},"sceneLighting":true,"audioPlay":false,"sceneViewState":{"showFog":true,"showMaterialUpdate":false,"showSkybox":false,"showFlares":true,"showImageEffects":true,"showParticleSystems":true},"in2DMode":false,"pivot":{"x":-26.555908203125,"y":3.2379150390625,"z":-9.2744140625},"rotation":{"x":0.11820223927497864,"y":-0.1571924388408661,"z":0.018954172730445863,"w":0.9802860021591187},"size":28083.669921875,"orthographic":false}